Unnamed: 0.1,Unnamed: 0,relation,song,song_url,episodes,rating,vocals,lyrics,composition,arrangement,chorus,tags,anime,MAL_ID,MAL_Title,MAL_Title_JP,MAL_Title_EN,MAL_Score,MAL_Rank,MAL_Popularity,MAL_Status,MAL_Genres,MAL_Num_Episodes,MAL_Start_Date,MAL_End_Date,MAL_Studios,MAL_Source,MAL_Broadcast,MAL_Rating,MAL_Duration,MAL_Themes,AniDB_Link,AniDB_ID,full_youtube_uri,youtube_views,youtube_likes,youtube_video_id
0,0,opening,Again,/song/451,1 14 OP1,9.27,Yui,Yui,Yui,Kondou Hisashi,,"action, adventure, contemporary fantasy, fantasy, human enhancement, magic, manga, military, science fiction, shounen, steampunk, violence",Hagane no Renkinjutsushi 2009,5114,Fullmetal Alchemist: Brotherhood,Fullmetal Alchemist Brotherhood,,9.1,2,3,finished_airing,"Action, Adventure, Drama, Fantasy, Military, Shounen",64,2009-04-05,2010-07-04,Bones,manga,,r,,,https://anidb.net/anime/6107,6107,https://www.youtube.com/watch?v=FM3aJQzqV90&pp=ygUlRnVsbG1ldGFsIEFsY2hlbWlzdCBCcm90aGVyaG9vZCBBZ2Fpbg%3D%3D,"938,066",9.7K,FM3aJQzqV90
1,1,opening,Hologram,/song/7570,15 26 OP2,7.59,Nico Touches the Walls,Mitsumura Tatsuya,Mitsumura Tatsuya,"Kameda Seiji, Nico Touches the Walls",,"action, adventure, contemporary fantasy, fantasy, human enhancement, magic, manga, military, science fiction, shounen, steampunk, violence",Hagane no Renkinjutsushi 2009,5114,Fullmetal Alchemist: Brotherhood,Fullmetal Alchemist Brotherhood,,9.1,2,3,finished_airing,"Action, Adventure, Drama, Fantasy, Military, Shounen",64,2009-04-05,2010-07-04,Bones,manga,,r,,,https://anidb.net/anime/6107,6107,https://www.youtube.com/watch?v=_JwYgd4zHvU&pp=ygUoRnVsbG1ldGFsIEFsY2hlbWlzdCBCcm90aGVyaG9vZCBIb2xvZ3JhbQ%3D%3D,"11,475,873",68K,_JwYgd4zHvU
2,2,opening,Golden Time Lover,/song/22207,27 38 OP3,7.75,Sukima Switch,"Oohashi Takuya, Tokita Shintarou","Oohashi Takuya, Tokita Shintarou","Oohashi Takuya, Tokita Shintarou",,"action, adventure, contemporary fantasy, fantasy, human enhancement, magic, manga, military, science fiction, shounen, steampunk, violence",Hagane no Renkinjutsushi 2009,5114,Fullmetal Alchemist: Brotherhood,Fullmetal Alchemist Brotherhood,,9.1,2,3,finished_airing,"Action, Adventure, Drama, Fantasy, Military, Shounen",64,2009-04-05,2010-07-04,Bones,manga,,r,,,https://anidb.net/anime/6107,6107,https://www.youtube.com/watch?v=4NXIYkwKdt8&pp=ygUxRnVsbG1ldGFsIEFsY2hlbWlzdCBCcm90aGVyaG9vZCBHb2xkZW4gVGltZSBMb3Zlcg%3D%3D,"1,775,989",14K,4NXIYkwKdt8
3,3,opening,Period,/song/27345,39 50 OP4,7.76,Chemistry,Kawabata Kaname,"Egami Koutarou, Jonas Myrin, Peter Kvint",Itagaki Yuusuke,,"action, adventure, contemporary fantasy, fantasy, human enhancement, magic, manga, military, science fiction, shounen, steampunk, violence",Hagane no Renkinjutsushi 2009,5114,Fullmetal Alchemist: Brotherhood,Fullmetal Alchemist Brotherhood,,9.1,2,3,finished_airing,"Action, Adventure, Drama, Fantasy, Military, Shounen",64,2009-04-05,2010-07-04,Bones,manga,,r,,,https://anidb.net/anime/6107,6107,https://www.youtube.com/watch?v=9vx69Pe7Ncs&pp=ygUmRnVsbG1ldGFsIEFsY2hlbWlzdCBCcm90aGVyaG9vZCBQZXJpb2TSBwkJhAkBhyohjO8%3D,"34,093,911",195K,9vx69Pe7Ncs
4,4,opening,Rain,/song/30159,51 60 62 OP5,8.69,Sid,Mao,Yuuya,"Nishihira Akira, Sid",,"action, adventure, contemporary fantasy, fantasy, human enhancement, magic, manga, military, science fiction, shounen, steampunk, violence",Hagane no Renkinjutsushi 2009,5114,Fullmetal Alchemist: Brotherhood,Fullmetal Alchemist Brotherhood,,9.1,2,3,finished_airing,"Action, Adventure, Drama, Fantasy, Military, Shounen",64,2009-04-05,2010-07-04,Bones,manga,,r,,,https://anidb.net/anime/6107,6107,https://www.youtube.com/watch?v=Bd9rnGXLNtM&pp=ygUkRnVsbG1ldGFsIEFsY2hlbWlzdCBCcm90aGVyaG9vZCBSYWlu,"525,939",6.2K,Bd9rnGXLNtM
5,5,ending,Uso,/song/452,1 14 ED1,7.62,Sid,Mao,Yuuya,"Nishihira Akira, Sid",,"action, adventure, contemporary fantasy, fantasy, human enhancement, magic, manga, military, science fiction, shounen, steampunk, violence",Hagane no Renkinjutsushi 2009,5114,Fullmetal Alchemist: Brotherhood,Fullmetal Alchemist Brotherhood,,9.1,2,3,finished_airing,"Action, Adventure, Drama, Fantasy, Military, Shounen",64,2009-04-05,2010-07-04,Bones,manga,,r,,,https://anidb.net/anime/6107,6107,https://www.youtube.com/watch?v=I5NsWMFGAdg&pp=ygUjRnVsbG1ldGFsIEFsY2hlbWlzdCBCcm90aGVyaG9vZCBVc28%3D,"330,758",4.8K,I5NsWMFGAdg
6,6,ending,Let it Out,/song/7102,15 26 ED2,8.31,Fukuhara Miho,Fukuhara Miho,"Fukuhara Miho, Yamaguchi Hiroo",Yasuhara Hyoue,,"action, adventure, contemporary fantasy, fantasy, human enhancement, magic, manga, military, science fiction, shounen, steampunk, violence",Hagane no Renkinjutsushi 2009,5114,Fullmetal Alchemist: Brotherhood,Fullmetal Alchemist Brotherhood,,9.1,2,3,finished_airing,"Action, Adventure, Drama, Fantasy, Military, Shounen",64,2009-04-05,2010-07-04,Bones,manga,,r,,,https://anidb.net/anime/6107,6107,https://www.youtube.com/watch?v=mLxv4oj4OcY&pp=ygUqRnVsbG1ldGFsIEFsY2hlbWlzdCBCcm90aGVyaG9vZCBMZXQgaXQgT3V0,"2,566,587",24K,mLxv4oj4OcY
7,7,ending,Tsunaida Te,/song/22208,27 38 ED3,,Lil B,"Aila, Kuromitsu Yuuki, Mie","Aila, Kuromitsu Yuuki, Mie",Kuromitsu Yuuki,,"action, adventure, contemporary fantasy, fantasy, human enhancement, magic, manga, military, science fiction, shounen, steampunk, violence",Hagane no Renkinjutsushi 2009,5114,Fullmetal Alchemist: Brotherhood,Fullmetal Alchemist Brotherhood,,9.1,2,3,finished_airing,"Action, Adventure, Drama, Fantasy, Military, Shounen",64,2009-04-05,2010-07-04,Bones,manga,,r,,,https://anidb.net/anime/6107,6107,https://www.youtube.com/watch?v=JfPu9D6sA18&pp=ygUrRnVsbG1ldGFsIEFsY2hlbWlzdCBCcm90aGVyaG9vZCBUc3VuYWlkYSBUZQ%3D%3D,"2,739,708",20K,JfPu9D6sA18
8,8,ending,Shunkan Sentimental,/song/27346,39 50 ED4,7.7,Scandal,"Kobayashi Natsumi, Scandal",Tajika Yuuichi,Kawaguchi Keita,,"action, adventure, contemporary fantasy, fantasy, human enhancement, magic, manga, military, science fiction, shounen, steampunk, violence",Hagane no Renkinjutsushi 2009,5114,Fullmetal Alchemist: Brotherhood,Fullmetal Alchemist Brotherhood,,9.1,2,3,finished_airing,"Action, Adventure, Drama, Fantasy, Military, Shounen",64,2009-04-05,2010-07-04,Bones,manga,,r,,,https://anidb.net/anime/6107,6107,https://www.youtube.com/watch?v=HEkerSi5Fig&pp=ygUzRnVsbG1ldGFsIEFsY2hlbWlzdCBCcm90aGVyaG9vZCBTaHVua2FuIFNlbnRpbWVudGFs,"24,519,142",230K,HEkerSi5Fig
9,9,ending,Ray of Light,/song/30160,51 62 ED5,7.25,Nakagawa Shouko,Nakagawa Shouko,"Kimura Atsushi, Suzuki Kentarou",Shimada Masanori,,"action, adventure, contemporary fantasy, fantasy, human enhancement, magic, manga, military, science fiction, shounen, steampunk, violence",Hagane no Renkinjutsushi 2009,5114,Fullmetal Alchemist: Brotherhood,Fullmetal Alchemist Brotherhood,,9.1,2,3,finished_airing,"Action, Adventure, Drama, Fantasy, Military, Shounen",64,2009-04-05,2010-07-04,Bones,manga,,r,,,https://anidb.net/anime/6107,6107,https://www.youtube.com/watch?v=ETbEtbE28VA&pp=ygUsRnVsbG1ldGFsIEFsY2hlbWlzdCBCcm90aGVyaG9vZCBSYXkgb2YgTGlnaHQ%3D,"2,516,578",12K,ETbEtbE28VA
10,10,ending,Rain,/song/30159,63,8.69,Sid,Mao,Yuuya,"Nishihira Akira, Sid",,"action, adventure, contemporary fantasy, fantasy, human enhancement, magic, manga, military, science fiction, shounen, steampunk, violence",Hagane no Renkinjutsushi 2009,5114,Fullmetal Alchemist: Brotherhood,Fullmetal Alchemist Brotherhood,,9.1,2,3,finished_airing,"Action, Adventure, Drama, Fantasy, Military, Shounen",64,2009-04-05,2010-07-04,Bones,manga,,r,,,https://anidb.net/anime/6107,6107,https://www.youtube.com/watch?v=Bd9rnGXLNtM&pp=ygUkRnVsbG1ldGFsIEFsY2hlbWlzdCBCcm90aGVyaG9vZCBSYWlu,"525,939",6.2K,Bd9rnGXLNtM
11,11,ending,Hologram,/song/7570,64,7.59,Nico Touches the Walls,Mitsumura Tatsuya,Mitsumura Tatsuya,"Kameda Seiji, Nico Touches the Walls",,"action, adventure, contemporary fantasy, fantasy, human enhancement, magic, manga, military, science fiction, shounen, steampunk, violence",Hagane no Renkinjutsushi 2009,5114,Fullmetal Alchemist: Brotherhood,Fullmetal Alchemist Brotherhood,,9.1,2,3,finished_airing,"Action, Adventure, Drama, Fantasy, Military, Shounen",64,2009-04-05,2010-07-04,Bones,manga,,r,,,https://anidb.net/anime/6107,6107,https://www.youtube.com/watch?v=_JwYgd4zHvU&pp=ygUoRnVsbG1ldGFsIEFsY2hlbWlzdCBCcm90aGVyaG9vZCBIb2xvZ3JhbQ%3D%3D,"11,475,873",68K,_JwYgd4zHvU
12,12,insert song,Let it Out,/song/7102,27,8.31,Fukuhara Miho,Fukuhara Miho,"Fukuhara Miho, Yamaguchi Hiroo",Yasuhara Hyoue,,"action, adventure, contemporary fantasy, fantasy, human enhancement, magic, manga, military, science fiction, shounen, steampunk, violence",Hagane no Renkinjutsushi 2009,5114,Fullmetal Alchemist: Brotherhood,Fullmetal Alchemist Brotherhood,,9.1,2,3,finished_airing,"Action, Adventure, Drama, Fantasy, Military, Shounen",64,2009-04-05,2010-07-04,Bones,manga,,r,,,https://anidb.net/anime/6107,6107,https://www.youtube.com/watch?v=mLxv4oj4OcY&pp=ygUqRnVsbG1ldGFsIEFsY2hlbWlzdCBCcm90aGVyaG9vZCBMZXQgaXQgT3V0,"2,566,587",24K,mLxv4oj4OcY
13,13,insert song,Rain,/song/30159,52 61,8.69,Sid,Mao,Yuuya,"Nishihira Akira, Sid",,"action, adventure, contemporary fantasy, fantasy, human enhancement, magic, manga, military, science fiction, shounen, steampunk, violence",Hagane no Renkinjutsushi 2009,5114,Fullmetal Alchemist: Brotherhood,Fullmetal Alchemist Brotherhood,,9.1,2,3,finished_airing,"Action, Adventure, Drama, Fantasy, Military, Shounen",64,2009-04-05,2010-07-04,Bones,manga,,r,,,https://anidb.net/anime/6107,6107,https://www.youtube.com/watch?v=Bd9rnGXLNtM&pp=ygUkRnVsbG1ldGFsIEFsY2hlbWlzdCBCcm90aGVyaG9vZCBSYWlu,"525,939",6.2K,Bd9rnGXLNtM
14,14,insert song,Ray of Light,/song/30160,64,7.25,Nakagawa Shouko,Nakagawa Shouko,"Kimura Atsushi, Suzuki Kentarou",Shimada Masanori,,"action, adventure, contemporary fantasy, fantasy, human enhancement, magic, manga, military, science fiction, shounen, steampunk, violence",Hagane no Renkinjutsushi 2009,5114,Fullmetal Alchemist: Brotherhood,Fullmetal Alchemist Brotherhood,,9.1,2,3,finished_airing,"Action, Adventure, Drama, Fantasy, Military, Shounen",64,2009-04-05,2010-07-04,Bones,manga,,r,,,https://anidb.net/anime/6107,6107,https://www.youtube.com/watch?v=ETbEtbE28VA&pp=ygUsRnVsbG1ldGFsIEFsY2hlbWlzdCBCcm90aGVyaG9vZCBSYXkgb2YgTGlnaHQ%3D,"2,516,578",12K,ETbEtbE28VA
15,15,insert song,Trisha s Lullaby,/song/22518,64,,The Warsaw Philharmonic Orchestra Chorus,濱田真美,Senju Akira,Senju Akira,,"action, adventure, contemporary fantasy, fantasy, human enhancement, magic, manga, military, science fiction, shounen, steampunk, violence",Hagane no Renkinjutsushi 2009,5114,Fullmetal Alchemist: Brotherhood,Fullmetal Alchemist Brotherhood,,9.1,2,3,finished_airing,"Action, Adventure, Drama, Fantasy, Military, Shounen",64,2009-04-05,2010-07-04,Bones,manga,,r,,,https://anidb.net/anime/6107,6107,https://www.youtube.com/watch?v=l2kwie-gs2o&pp=ygUwRnVsbG1ldGFsIEFsY2hlbWlzdCBCcm90aGVyaG9vZCBUcmlzaGEgcyBMdWxsYWJ5,"11,197,708",104K,l2kwie-gs2o
16,16,image song,Bonne Nuit,/song/32484,,,Orikasa Fumiko,Kusunose Takuya,Sakuma Masahide,Unsuspected Monogram,,"action, adventure, contemporary fantasy, fantasy, human enhancement, magic, manga, military, science fiction, shounen, steampunk, violence",Hagane no Renkinjutsushi 2009,5114,Fullmetal Alchemist: Brotherhood,Fullmetal Alchemist Brotherhood,,9.1,2,3,finished_airing,"Action, Adventure, Drama, Fantasy, Military, Shounen",64,2009-04-05,2010-07-04,Bones,manga,,r,,,https://anidb.net/anime/6107,6107,https://www.youtube.com/watch?v=nEcq_NOlNyE&pp=ygUqRnVsbG1ldGFsIEFsY2hlbWlzdCBCcm90aGVyaG9vZCBCb25uZSBOdWl0,"3,454",125,nEcq_NOlNyE
17,17,image song,Determination,/song/32489,,,Paku Romi,Kusunose Takuya,Sakuma Masahide,Unsuspected Monogram,,"action, adventure, contemporary fantasy, fantasy, human enhancement, magic, manga, military, science fiction, shounen, steampunk, violence",Hagane no Renkinjutsushi 2009,5114,Fullmetal Alchemist: Brotherhood,Fullmetal Alchemist Brotherhood,,9.1,2,3,finished_airing,"Action, Adventure, Drama, Fantasy, Military, Shounen",64,2009-04-05,2010-07-04,Bones,manga,,r,,,https://anidb.net/anime/6107,6107,https://www.youtube.com/watch?v=NqwvzDVORSY&pp=ygUtRnVsbG1ldGFsIEFsY2hlbWlzdCBCcm90aGVyaG9vZCBEZXRlcm1pbmF0aW9u,"667,736",10K,NqwvzDVORSY
18,18,image song,Hikari no Sasu Basho,/song/32486,,,Miyano Mamoru,Tama,Sakuma Masahide,Unsuspected Monogram,,"action, adventure, contemporary fantasy, fantasy, human enhancement, magic, manga, military, science fiction, shounen, steampunk, violence",Hagane no Renkinjutsushi 2009,5114,Fullmetal Alchemist: Brotherhood,Fullmetal Alchemist Brotherhood,,9.1,2,3,finished_airing,"Action, Adventure, Drama, Fantasy, Military, Shounen",64,2009-04-05,2010-07-04,Bones,manga,,r,,,https://anidb.net/anime/6107,6107,https://www.youtube.com/watch?v=FmpQ9eQBo4o&pp=ygU0RnVsbG1ldGFsIEFsY2hlbWlzdCBCcm90aGVyaG9vZCBIaWthcmkgbm8gU2FzdSBCYXNobw%3D%3D,"2,777",30,FmpQ9eQBo4o
19,19,image song,Inochi Mei,/song/32485,,,Miki Shin ichirou,Kusunose Takuya,Sakuma Masahide,Unsuspected Monogram,,"action, adventure, contemporary fantasy, fantasy, human enhancement, magic, manga, military, science fiction, shounen, steampunk, violence",Hagane no Renkinjutsushi 2009,5114,Fullmetal Alchemist: Brotherhood,Fullmetal Alchemist Brotherhood,,9.1,2,3,finished_airing,"Action, Adventure, Drama, Fantasy, Military, Shounen",64,2009-04-05,2010-07-04,Bones,manga,,r,,,https://anidb.net/anime/6107,6107,https://www.youtube.com/watch?v=EDZVMWKrvkU&pp=ygUqRnVsbG1ldGFsIEFsY2hlbWlzdCBCcm90aGVyaG9vZCBJbm9jaGkgTWVp,456,7,EDZVMWKrvkU
20,20,image song,Karakaze,/song/32483,,,Mizuki Nana,Tama,Sakuma Masahide,Unsuspected Monogram,,"action, adventure, contemporary fantasy, fantasy, human enhancement, magic, manga, military, science fiction, shounen, steampunk, violence",Hagane no Renkinjutsushi 2009,5114,Fullmetal Alchemist: Brotherhood,Fullmetal Alchemist Brotherhood,,9.1,2,3,finished_airing,"Action, Adventure, Drama, Fantasy, Military, Shounen",64,2009-04-05,2010-07-04,Bones,manga,,r,,,https://anidb.net/anime/6107,6107,https://www.youtube.com/watch?v=CZPul4k9bUU&pp=ygUoRnVsbG1ldGFsIEFsY2hlbWlzdCBCcm90aGVyaG9vZCBLYXJha2F6ZQ%3D%3D,"5,011,413",68K,CZPul4k9bUU
21,21,image song,Kaze ni Idakarete,/song/22580,,,Kugimiya Rie,Tama,Sakuma Masahide,Unsuspected Monogram,,"action, adventure, contemporary fantasy, fantasy, human enhancement, magic, manga, military, science fiction, shounen, steampunk, violence",Hagane no Renkinjutsushi 2009,5114,Fullmetal Alchemist: Brotherhood,Fullmetal Alchemist Brotherhood,,9.1,2,3,finished_airing,"Action, Adventure, Drama, Fantasy, Military, Shounen",64,2009-04-05,2010-07-04,Bones,manga,,r,,,https://anidb.net/anime/6107,6107,https://www.youtube.com/watch?v=QyHPYNmzgLY&pp=ygUxRnVsbG1ldGFsIEFsY2hlbWlzdCBCcm90aGVyaG9vZCBLYXplIG5pIElkYWthcmV0ZdIHCQmECQGHKiGM7w%3D%3D,575,11,QyHPYNmzgLY
22,22,image song,Kurenai Gatsu,/song/32481,,,"Kugimiya Rie, Paku Romi",Tama,Sakuma Masahide,Unsuspected Monogram,,"action, adventure, contemporary fantasy, fantasy, human enhancement, magic, manga, military, science fiction, shounen, steampunk, violence",Hagane no Renkinjutsushi 2009,5114,Fullmetal Alchemist: Brotherhood,Fullmetal Alchemist Brotherhood,,9.1,2,3,finished_airing,"Action, Adventure, Drama, Fantasy, Military, Shounen",64,2009-04-05,2010-07-04,Bones,manga,,r,,,https://anidb.net/anime/6107,6107,https://www.youtube.com/watch?v=l2kwie-gs2o&pp=ygUtRnVsbG1ldGFsIEFsY2hlbWlzdCBCcm90aGVyaG9vZCBLdXJlbmFpIEdhdHN1,"11,197,708",104K,l2kwie-gs2o
23,23,image song,Number Ou,/song/32482,,,Miyano Mamoru,Kusunose Takuya,Sakuma Masahide,Unsuspected Monogram,,"action, adventure, contemporary fantasy, fantasy, human enhancement, magic, manga, military, science fiction, shounen, steampunk, violence",Hagane no Renkinjutsushi 2009,5114,Fullmetal Alchemist: Brotherhood,Fullmetal Alchemist Brotherhood,,9.1,2,3,finished_airing,"Action, Adventure, Drama, Fantasy, Military, Shounen",64,2009-04-05,2010-07-04,Bones,manga,,r,,,https://anidb.net/anime/6107,6107,https://www.youtube.com/watch?v=l0X9wDSGtos&pp=ygUpRnVsbG1ldGFsIEFsY2hlbWlzdCBCcm90aGVyaG9vZCBOdW1iZXIgT3U%3D,"115,587",743,l0X9wDSGtos
24,24,image song,Restore Steppin,/song/22581,,,"Kugimiya Rie, Paku Romi",Kusunose Takuya,Sakuma Masahide,Unsuspected Monogram,,"action, adventure, contemporary fantasy, fantasy, human enhancement, magic, manga, military, science fiction, shounen, steampunk, violence",Hagane no Renkinjutsushi 2009,5114,Fullmetal Alchemist: Brotherhood,Fullmetal Alchemist Brotherhood,,9.1,2,3,finished_airing,"Action, Adventure, Drama, Fantasy, Military, Shounen",64,2009-04-05,2010-07-04,Bones,manga,,r,,,https://anidb.net/anime/6107,6107,https://www.youtube.com/watch?v=SnW1-NMSwBg&pp=ygUvRnVsbG1ldGFsIEFsY2hlbWlzdCBCcm90aGVyaG9vZCBSZXN0b3JlIFN0ZXBwaW4%3D,"1,459",30,SnW1-NMSwBg
25,25,image song,Sora o Aogeba,/song/32488,,,Takamoto Megumi,Tama,Sakuma Masahide,Unsuspected Monogram,,"action, adventure, contemporary fantasy, fantasy, human enhancement, magic, manga, military, science fiction, shounen, steampunk, violence",Hagane no Renkinjutsushi 2009,5114,Fullmetal Alchemist: Brotherhood,Fullmetal Alchemist Brotherhood,,9.1,2,3,finished_airing,"Action, Adventure, Drama, Fantasy, Military, Shounen",64,2009-04-05,2010-07-04,Bones,manga,,r,,,https://anidb.net/anime/6107,6107,https://www.youtube.com/watch?v=I5NsWMFGAdg&pp=ygUtRnVsbG1ldGFsIEFsY2hlbWlzdCBCcm90aGVyaG9vZCBTb3JhIG8gQW9nZWJh,"330,760",4.8K,I5NsWMFGAdg
26,26,image song,Sotto Sotto,/song/32487,,,Mizuki Nana,Kusunose Takuya,Sakuma Masahide,Unsuspected Monogram,,"action, adventure, contemporary fantasy, fantasy, human enhancement, magic, manga, military, science fiction, shounen, steampunk, violence",Hagane no Renkinjutsushi 2009,5114,Fullmetal Alchemist: Brotherhood,Fullmetal Alchemist Brotherhood,,9.1,2,3,finished_airing,"Action, Adventure, Drama, Fantasy, Military, Shounen",64,2009-04-05,2010-07-04,Bones,manga,,r,,,https://anidb.net/anime/6107,6107,https://www.youtube.com/watch?v=QqKgbq3zP5c&pp=ygUrRnVsbG1ldGFsIEFsY2hlbWlzdCBCcm90aGVyaG9vZCBTb3R0byBTb3R0bw%3D%3D,823,11,QqKgbq3zP5c
27,27,image song,Yume no Genseki,/song/32480,,,Paku Romi,Tama,Sakuma Masahide,Unsuspected Monogram,,"action, adventure, contemporary fantasy, fantasy, human enhancement, magic, manga, military, science fiction, shounen, steampunk, violence",Hagane no Renkinjutsushi 2009,5114,Fullmetal Alchemist: Brotherhood,Fullmetal Alchemist Brotherhood,,9.1,2,3,finished_airing,"Action, Adventure, Drama, Fantasy, Military, Shounen",64,2009-04-05,2010-07-04,Bones,manga,,r,,,https://anidb.net/anime/6107,6107,https://www.youtube.com/watch?v=DnjS7ysp8CE&pp=ygUvRnVsbG1ldGFsIEFsY2hlbWlzdCBCcm90aGVyaG9vZCBZdW1lIG5vIEdlbnNla2k%3D,"2,180",87,DnjS7ysp8CE
28,28,opening,Hacking to the Gate,/song/41541,1 24 OP1a OP1b S2,8.94,Itou Kanako,Shikura Chiyomaru,Shikura Chiyomaru,Isoe Toshimichi,Ena,"comedy, game, science fiction, seinen, thriller, time travel, visual novel",Steins Gate,9253,Steins;Gate,Steins Gate,,9.07,3,14,finished_airing,"Drama, Psychological, Sci-Fi, Suspense, Time Travel",24,2011-04-06,2011-09-14,White Fox,visual_novel,,pg_13,,,https://anidb.net/anime/7729,7729,https://www.youtube.com/watch?v=ZGM90Bo3zH0&pp=ygUfU3RlaW5zIEdhdGUgSGFja2luZyB0byB0aGUgR2F0ZQ%3D%3D,"16,250,208",117K,ZGM90Bo3zH0
29,29,ending,Toki Tsukasadoru Juuni no Meiyaku,/song/41542,1 21 ED1a ED1b S2,7.8,"Phantasm, Sakakibara Yui",Shikura Chiyomaru,Hayashi Tatsushi,Hayashi Tatsushi,,"comedy, game, science fiction, seinen, thriller, time travel, visual novel",Steins Gate,9253,Steins;Gate,Steins Gate,,9.07,3,14,finished_airing,"Drama, Psychological, Sci-Fi, Suspense, Time Travel",24,2011-04-06,2011-09-14,White Fox,visual_novel,,pg_13,,,https://anidb.net/anime/7729,7729,https://www.youtube.com/watch?v=EyRD3eG8y9s&pp=ygUtU3RlaW5zIEdhdGUgVG9raSBUc3VrYXNhZG9ydSBKdXVuaSBubyBNZWl5YWt1,"2,050,976",20K,EyRD3eG8y9s
30,30,ending,Fake Verthandi,/song/47216,22 ED2,,,,Abo Takeshi,Abo Takeshi,,"comedy, game, science fiction, seinen, thriller, time travel, visual novel",Steins Gate,9253,Steins;Gate,Steins Gate,,9.07,3,14,finished_airing,"Drama, Psychological, Sci-Fi, Suspense, Time Travel",24,2011-04-06,2011-09-14,White Fox,visual_novel,,pg_13,,,https://anidb.net/anime/7729,7729,https://www.youtube.com/watch?v=_hW_t0875Gk&pp=ygUaU3RlaW5zIEdhdGUgRmFrZSBWZXJ0aGFuZGnSBwkJhAkBhyohjO8%3D,"227,580",2.7K,_hW_t0875Gk
31,31,ending,Skyclad no Kansokusha,/song/47217,23 ED3,9.15,Itou Kanako,Shikura Chiyomaru,Shikura Chiyomaru,Isoe Toshimichi,,"comedy, game, science fiction, seinen, thriller, time travel, visual novel",Steins Gate,9253,Steins;Gate,Steins Gate,,9.07,3,14,finished_airing,"Drama, Psychological, Sci-Fi, Suspense, Time Travel",24,2011-04-06,2011-09-14,White Fox,visual_novel,,pg_13,,,https://anidb.net/anime/7729,7729,https://www.youtube.com/watch?v=GpovDdSC8Po&pp=ygUhU3RlaW5zIEdhdGUgU2t5Y2xhZCBubyBLYW5zb2t1c2hh,"850,854",9.4K,GpovDdSC8Po
32,32,ending,Another Heaven,/song/47461,24,,Itou Kanako,Urushino Jun ya,Suda Yoshihiro,Isoe Toshimichi,,"comedy, game, science fiction, seinen, thriller, time travel, visual novel",Steins Gate,9253,Steins;Gate,Steins Gate,,9.07,3,14,finished_airing,"Drama, Psychological, Sci-Fi, Suspense, Time Travel",24,2011-04-06,2011-09-14,White Fox,visual_novel,,pg_13,,,https://anidb.net/anime/7729,7729,https://www.youtube.com/watch?v=uHUtUVeQoKQ&pp=ygUaU3RlaW5zIEdhdGUgQW5vdGhlciBIZWF2ZW4%3D,"268,871",2.8K,uHUtUVeQoKQ
33,33,ending,Hacking to the Gate,/song/41541,S1,8.94,Itou Kanako,Shikura Chiyomaru,Shikura Chiyomaru,Isoe Toshimichi,Ena,"comedy, game, science fiction, seinen, thriller, time travel, visual novel",Steins Gate,9253,Steins;Gate,Steins Gate,,9.07,3,14,finished_airing,"Drama, Psychological, Sci-Fi, Suspense, Time Travel",24,2011-04-06,2011-09-14,White Fox,visual_novel,,pg_13,,,https://anidb.net/anime/7729,7729,https://www.youtube.com/watch?v=ZGM90Bo3zH0&pp=ygUfU3RlaW5zIEdhdGUgSGFja2luZyB0byB0aGUgR2F0ZQ%3D%3D,"16,250,208",117K,ZGM90Bo3zH0
34,34,insert song,Watashi Love na Otome,/song/43539,2 4 9,,Afilia Saga East,Momoi Haruko,Momoi Haruko,Ueno Kouji,,"comedy, game, science fiction, seinen, thriller, time travel, visual novel",Steins Gate,9253,Steins;Gate,Steins Gate,,9.07,3,14,finished_airing,"Drama, Psychological, Sci-Fi, Suspense, Time Travel",24,2011-04-06,2011-09-14,White Fox,visual_novel,,pg_13,,,https://anidb.net/anime/7729,7729,https://www.youtube.com/watch?v=IfV7xEWRyM4&pp=ygUhU3RlaW5zIEdhdGUgV2F0YXNoaSBMb3ZlIG5hIE90b21l,"8,749",25,IfV7xEWRyM4
35,35,insert song,My White Ribbon,/song/44673,9,,Afilia Saga East,Shikura Chiyomaru,Shikura Chiyomaru,Isoe Toshimichi,,"comedy, game, science fiction, seinen, thriller, time travel, visual novel",Steins Gate,9253,Steins;Gate,Steins Gate,,9.07,3,14,finished_airing,"Drama, Psychological, Sci-Fi, Suspense, Time Travel",24,2011-04-06,2011-09-14,White Fox,visual_novel,,pg_13,,,https://anidb.net/anime/7729,7729,https://www.youtube.com/watch?v=5f0zR3XHT3I&pp=ygUbU3RlaW5zIEdhdGUgTXkgV2hpdGUgUmliYm9u,"6,964",14,5f0zR3XHT3I
36,36,insert song,Get in the Car,/song/107241,S1,,NALU,oz,近藤学,近藤学,,"comedy, game, science fiction, seinen, thriller, time travel, visual novel",Steins Gate,9253,Steins;Gate,Steins Gate,,9.07,3,14,finished_airing,"Drama, Psychological, Sci-Fi, Suspense, Time Travel",24,2011-04-06,2011-09-14,White Fox,visual_novel,,pg_13,,,https://anidb.net/anime/7729,7729,https://www.youtube.com/watch?v=x82GTvD2etA&pp=ygUaU3RlaW5zIEdhdGUgR2V0IGluIHRoZSBDYXI%3D,650,9,x82GTvD2etA
37,37,image song,Lab Men Spirits,/song/50848,,,"Miyano Mamoru, Seki Tomokazu",Hazuki Miko,Aono Yukari,Minami Toshikazu,,"comedy, game, science fiction, seinen, thriller, time travel, visual novel",Steins Gate,9253,Steins;Gate,Steins Gate,,9.07,3,14,finished_airing,"Drama, Psychological, Sci-Fi, Suspense, Time Travel",24,2011-04-06,2011-09-14,White Fox,visual_novel,,pg_13,,,https://anidb.net/anime/7729,7729,https://www.youtube.com/watch?v=rKFE4jRteIE&pp=ygUbU3RlaW5zIEdhdGUgTGFiIE1lbiBTcGlyaXRz,"39,314",818,rKFE4jRteIE
38,38,image song,May Queen no Gogo 3 Toki,/song/47218,,,"Hanazawa Kana, Momoi Haruko",Momoi Haruko,Tanaka Shunsuke,Tanaka Shunsuke,,"comedy, game, science fiction, seinen, thriller, time travel, visual novel",Steins Gate,9253,Steins;Gate,Steins Gate,,9.07,3,14,finished_airing,"Drama, Psychological, Sci-Fi, Suspense, Time Travel",24,2011-04-06,2011-09-14,White Fox,visual_novel,,pg_13,,,https://anidb.net/anime/7729,7729,https://www.youtube.com/watch?v=sKmpgb25N40&pp=ygUkU3RlaW5zIEdhdGUgTWF5IFF1ZWVuIG5vIEdvZ28gMyBUb2tp,"1,677",62,sKmpgb25N40
39,39,image song,Uruwashiki Seduce,/song/43722,,,Phantasm,Hashizume Akiko,Hayashi Tatsushi,Hayashi Tatsushi,,"comedy, game, science fiction, seinen, thriller, time travel, visual novel",Steins Gate,9253,Steins;Gate,Steins Gate,,9.07,3,14,finished_airing,"Drama, Psychological, Sci-Fi, Suspense, Time Travel",24,2011-04-06,2011-09-14,White Fox,visual_novel,,pg_13,,,https://anidb.net/anime/7729,7729,https://www.youtube.com/watch?v=d8MtanVnFco&pp=ygUdU3RlaW5zIEdhdGUgVXJ1d2FzaGlraSBTZWR1Y2U%3D,97,Like,d8MtanVnFco
40,40,opening,Shoukei to Shikabane no Michi,/song/102187,1 5 7 9 10 OP1,,Linked Horizon,Revo,Revo,Revo,,"manga, post apocalyptic, shounen, violence",Shingeki no Kyojin Season 3 2019,38524,Shingeki no Kyojin Season 3 Part 2,Shingeki no Kyojin Season 3 Part 2,Attack on Titan Season 3 Part 2,9.05,4,21,finished_airing,"Action, Drama, Gore, Military, Shounen, Survival, Suspense",10,2019-04-29,2019-07-01,Wit Studio,manga,,r,,,https://anidb.net/anime/14444,14444,https://www.youtube.com/watch?v=NCRcTZiahss&pp=ygVAU2hpbmdla2kgbm8gS3lvamluIFNlYXNvbiAzIFBhcnQgMiBTaG91a2VpIHRvIFNoaWthYmFuZSBubyBNaWNoaQ%3D%3D,"13,008,794",126K,NCRcTZiahss
41,41,ending,Name of Love,/song/102188,1 9 ED1a ED1b,,Cinema Staff,Mishima Souhei,"Cinema Staff, Nomura Youichirou","Cinema Staff, Nomura Youichirou, 熊谷昭",,"manga, post apocalyptic, shounen, violence",Shingeki no Kyojin Season 3 2019,38524,Shingeki no Kyojin Season 3 Part 2,Shingeki no Kyojin Season 3 Part 2,Attack on Titan Season 3 Part 2,9.05,4,21,finished_airing,"Action, Drama, Gore, Military, Shounen, Survival, Suspense",10,2019-04-29,2019-07-01,Wit Studio,manga,,r,,,https://anidb.net/anime/14444,14444,https://www.youtube.com/watch?v=RQ-pMv65XaA&pp=ygUvU2hpbmdla2kgbm8gS3lvamluIFNlYXNvbiAzIFBhcnQgMiBOYW1lIG9mIExvdmU%3D,269,5,RQ-pMv65XaA
42,42,ending,T KT,/song/103865,10,,,,Sawano Hiroyuki,Sawano Hiroyuki,,"manga, post apocalyptic, shounen, violence",Shingeki no Kyojin Season 3 2019,38524,Shingeki no Kyojin Season 3 Part 2,Shingeki no Kyojin Season 3 Part 2,Attack on Titan Season 3 Part 2,9.05,4,21,finished_airing,"Action, Drama, Gore, Military, Shounen, Survival, Suspense",10,2019-04-29,2019-07-01,Wit Studio,manga,,r,,,https://anidb.net/anime/14444,14444,https://www.youtube.com/watch?v=rarH3Lf1B6c&pp=ygUnU2hpbmdla2kgbm8gS3lvamluIFNlYXNvbiAzIFBhcnQgMiBUIEtU,"292,338",6.4K,rarH3Lf1B6c
43,43,insert song,Symphonic Suite AoT Part 2 1st Attack on Titan WMId,/song/103857,3,,Eliana,Rie,Sawano Hiroyuki,Sawano Hiroyuki,,"manga, post apocalyptic, shounen, violence",Shingeki no Kyojin Season 3 2019,38524,Shingeki no Kyojin Season 3 Part 2,Shingeki no Kyojin Season 3 Part 2,Attack on Titan Season 3 Part 2,9.05,4,21,finished_airing,"Action, Drama, Gore, Military, Shounen, Survival, Suspense",10,2019-04-29,2019-07-01,Wit Studio,manga,,r,,,https://anidb.net/anime/14444,14444,https://www.youtube.com/watch?v=2JpkMXinO1M&pp=ygVWU2hpbmdla2kgbm8gS3lvamluIFNlYXNvbiAzIFBhcnQgMiBTeW1waG9uaWMgU3VpdGUgQW9UIFBhcnQgMiAxc3QgQXR0YWNrIG9uIFRpdGFuIFdNSWTSBwkJhAkBhyohjO8%3D,"14,369,053",143K,2JpkMXinO1M
44,44,insert song,Symphonic Suite AoT Part 2 5th Apple Seed,/song/103861,3,,"Laco, Mpi","Benjamin Anderson, Mpi",Sawano Hiroyuki,Sawano Hiroyuki,,"manga, post apocalyptic, shounen, violence",Shingeki no Kyojin Season 3 2019,38524,Shingeki no Kyojin Season 3 Part 2,Shingeki no Kyojin Season 3 Part 2,Attack on Titan Season 3 Part 2,9.05,4,21,finished_airing,"Action, Drama, Gore, Military, Shounen, Survival, Suspense",10,2019-04-29,2019-07-01,Wit Studio,manga,,r,,,https://anidb.net/anime/14444,14444,https://www.youtube.com/watch?v=HEmf2L3oDyI&pp=ygVMU2hpbmdla2kgbm8gS3lvamluIFNlYXNvbiAzIFBhcnQgMiBTeW1waG9uaWMgU3VpdGUgQW9UIFBhcnQgMiA1dGggQXBwbGUgU2VlZA%3D%3D,"2,450,329",23K,HEmf2L3oDyI
